domain,title,desc,kw,content,date,redirection
ashleykelemen.com,ASHLEY KELEMEN // BOUDOIR,"San Francisco boudoir photography for badass and empowered women, 
celebrating the power of the feminine.",,Content not implemented yet.,20200514,
ashleykelemen.com,ashleykelemen.com,,,Content not implemented yet.,20240513,
ashleykelemen.com,Squarespace - Website Expired,,,Content not implemented yet.,20230514,
bariawilliamson.com,bariawilliamson.com,,,Content not implemented yet.,20240513,
ashleykelemen.com,Studio Étincelle | Boudoir Photography for Empowered Womxn,"Boudoir photography for all womxn. Find strength through vulnerability by 
booking a tasteful, edgy boudoir session for self empowerment.",,Content not implemented yet.,20211113,
augmentyourpreorder.com,SQUARE ENIX - Games - Deus Ex: Mankind Divided,Deus Ex: Mankind Divided,,Content not implemented yet.,20211113,
bariawilliamson.com,Index of /,,,Content not implemented yet.,20230514,
augmentyourpreorder.com,Deus Ex: Mankind Divided | Eidos-Montréal,"The year is 2029. Adam Jensen, an experienced covert operative, must choose the right approach, and who to trust, to unravel a vast conspiracy.",,Content not implemented yet.,20230514,
bariawilliamson.com,"Williamson Law Firm | Attorney in Jackson, MS",,,Content not implemented yet.,20200514,
bestsleepsummit.com,bestsleepsummit.com,This domain may be for sale!,,Content not implemented yet.,20240513,
bestsleepsummit.com,Your Best Sleep Ever Summit,Register to access these expert talks FREE for 7 days!,,Content not implemented yet.,20200514,
brag-better.com,brag-better.com - This website is for sale! - brag better Resources and Information.,"This website is for sale! brag-better.com is your first and best source for all of the information you’re looking for. From general topics to more of what you would expect to find here, brag-better.com has it all. We hope you find what you are searching for!",,Content not implemented yet.,20240513,
brag-better.com,brag-better.com - This website is for sale! - brag better Resources and Information.,"This website is for sale! brag-better.com is your first and best source for all of the information you’re looking for. From general topics to more of what you would expect to find here, brag-better.com has it all. We hope you find what you are searching for!",,Content not implemented yet.,20230514,
brag-better.com,Brag Better™,"Bragging, and Bragging Better is crucial for your career. Whether for a new 
job, a raise, or confidence, this new approach to ""fearless self-promotion"" 
will erase anxiety and provide a roadmap to champion yourself.",,Content not implemented yet.,20200514,
bestsleepsummit.com,DNS points to local or disallowed IP | bestsleepsummit.com | Cloudflare,,,Content not implemented yet.,20211113,
cakessosimple.com,"Cakes So Simple | Cakes, Wedding Cakes, Cookies, Confections",,,Content not implemented yet.,20240513,
brag-better.com,Brag Better Book by Meredith Fineman,"Does talking about your accomplishments feel scary or icky because you’re worried people will think you’re obnoxious? Master the art of fearless self-promotion and go from underestimated to acknowledged, appreciated, and celebrated.",,Content not implemented yet.,20211113,
cakessosimple.com,"Cakes So Simple | Cakes, Wedding Cakes, Cookies, Confections",,,Content not implemented yet.,20211113,
cakessosimple.com,"Cakes So Simple | Cakes, Wedding Cakes, Cookies, Confections",,,Content not implemented yet.,20230514,
cakessosimple.com,"Cakes So Simple | Wedding Cakes, Cakes, Cookies, Confections",,,Content not implemented yet.,20200514,
cjsmetroautomotive.com,"Auto Repair, El Paso TX | CJ's Metro Automotive",,Repair Shop Websites Design 12 .1 CJ's Metro Automotive,Content not implemented yet.,20211113,
cjsmetroautomotive.com,"CJ's Metro Automotive - expert auto repair - El Paso, TX 79912",,Repair Shop Websites Design 12 .1 CJ's Metro Automotive,Content not implemented yet.,20200514,
digitaldetoxholidays.com,digitaldetoxholidays.com - Ce site web est à vendre ! - Ressources et information concernant digitaldetoxholidays Resources and Information.,Ce site web est à vendre ! digitaldetoxholidays.com réunit des informations et annonces. Nous espérons que vous y trouverez les informations que vous recherchez !,,Content not implemented yet.,20230514,
friendlyboxbreaks.com,"One moment, please...",,,Content not implemented yet.,20240513,
digitaldetoxholidays.com,Digital Detox Holidays and Hotels,"Since you became increasingly addicted to your devices, we have been selecting hotels that are offering detox holidays to help you de-stress.",,Content not implemented yet.,20200514,
friendlyboxbreaks.com,Friendly Box Breaks,"Live box breaks from the latest trading cards and sports cards featuring products such as TOPPS, PANINI, LEAF, UPPER DECK.",,Content not implemented yet.,20211113,
digitaldetoxholidays.com,Domain Details Page,,,Content not implemented yet.,20211113,
germfalcon.com,germfalcon.com - Tämä WWW-sivu on myynnissä. - germfalcon Lähteet ja tiedot.,"Tämä WWW-sivu on myynnissä. germfalcon.com on ensimmäinen ja paras lähde kaikelle hakemallesi tiedolle. Yleisistä ja yksityiskohtaisista aiheista, enemmän kuin osaat odottaa, germfalcon.com-sivulta löydät kaiken. Toivottavasti löydät hakemasi!",,Content not implemented yet.,20240513,
germfalcon.com,Site Not Configured | 404 Not Found,,,Content not implemented yet.,20211113,
germfalcon.com,Site Not Configured | 404 Not Found,,,Content not implemented yet.,20230514,
friendlyboxbreaks.com,Friendly Box Breaks,"Live box breaks from the latest trading cards and sports cards featuring products such as TOPPS, PANINI, LEAF, UPPER DECK.",,Content not implemented yet.,20200514,
jims-israel.org,jims-israel.org - Diese Website steht zum Verkauf! - Informationen zum Thema jims israel.,"Diese Website steht zum Verkauf! jims-israel.org ist die beste Quelle für alle Informationen die Sie suchen. Von allgemeinen Themen bis hin zu speziellen Sachverhalten, finden Sie auf jims-israel.org alles. Wir hoffen, dass Sie hier das Gesuchte finden!",,Content not implemented yet.,20240513,
jims-israel.org,מכון ירושלים לחקר שווקים,מכון ירושלים לחקר שווקים הוא מכון עצמאי ללא מטרות רווח שמטרתו לעודד קדמה חברתית בישראל באמצעות חופש כלכלי וחופש הפרט.,"חופשית, ירושלים, ישראל, כלכלה, לחקר, ליברלית, מכון, שווקים",Content not implemented yet.,20211113,
jims-israel.org,מכון ירושלים לחקר שווקים,מכון ירושלים לחקר שווקים הוא מכון עצמאי ללא מטרות רווח שמטרתו לעודד קדמה חברתית בישראל באמצעות חופש כלכלי וחופש הפרט.,"חופשית, ירושלים, ישראל, כלכלה, לחקר, ליברלית, מכון, שווקים",Content not implemented yet.,20230514,
